{
    "OD_cu": {
        "conf": 0.5,
        "iou": 0.3,
        "PA": {
            "Tong_So_Label": 1191.0,
            "Do_Phu": 0.15500221010755857,
            "Do_Chinh_Xac": 0.8832913518052057,
            "Do_Chinh_Xac_(detect_nham_class)": 0.9109991603694374,
            "Ti_Le_Nham_Nhan": 0.030414746543778803,
            "So_Label_Thieu_Trung_Binh": 0.37572064989517817
        },
        "POI": {
            "Tong_So_Label": 34882.0,
            "Do_Phu": 0.31799543537967584,
            "Do_Chinh_Xac": 0.9426638380826787,
            "Do_Chinh_Xac_(detect_nham_class)": 0.9435812166733559,
            "Ti_Le_Nham_Nhan": 0.0009722306617244941,
            "So_Label_Thieu_Trung_Binh": 4.6201519916142555
        }
    },
    "OD_0.1.1": {
        "conf": 0.35,
        "iou": 0.3,
        "PA": {
            "Tong_So_Label": 4169.0,
            "Do_Phu": 0.5473699720053042,
            "Do_Chinh_Xac": 0.8911009834492684,
            "Do_Chinh_Xac_(detect_nham_class)": 0.920844327176781,
            "Ti_Le_Nham_Nhan": 0.03230007814535035,
            "So_Label_Thieu_Trung_Binh": 0.20125786163522014
        },
        "POI": {
            "Tong_So_Label": 89421.0,
            "Do_Phu": 0.7374763065258597,
            "Do_Chinh_Xac": 0.8527974413169166,
            "Do_Chinh_Xac_(detect_nham_class)": 0.854240055467955,
            "Ti_Le_Nham_Nhan": 0.001688769031379685,
            "So_Label_Thieu_Trung_Binh": 1.7784329140461217
        }
    },
    "OD_0.1.2": {
        "conf": 0.5,
        "iou": 0.3,
        "PA": {
            "Tong_So_Label": 4421.0,
            "Do_Phu": 0.5399,
            "Do_Chinh_Xac": 0.9177,
            "F1": 0.6798,
            "Do_Chinh_Xac_(detect_nham_class)": 0.9414,
            "Ti_Le_Nham_Nhan": 0.0252,
            "So_Label_Thieu_Trung_Binh": 0.23
        },
        "POI": {
            "Tong_So_Label": 85446.0,
            "Do_Phu": 0.7088,
            "Do_Chinh_Xac": 0.8359,
            "F1": 0.7671,
            "Do_Chinh_Xac_(detect_nham_class)": 0.8375,
            "Ti_Le_Nham_Nhan": 0.0019,
            "So_Label_Thieu_Trung_Binh": 1.92
        }
    },
    "OD_0.1.3": {
        "conf": 0.5,
        "iou": 0.3,
        "PA": {
            "Tong_So_Label": 4421.0,
            "Do_Phu": 0.5399,
            "Do_Chinh_Xac": 0.9177,
            "F1": 0.7671,
            "Do_Chinh_Xac_(detect_nham_class)": 0.9414,
            "Ti_Le_Nham_Nhan": 0.0252,
            "So_Label_Thieu_Trung_Binh": 0.23
        },
        "POI": {
            "Tong_So_Label": 79436.0,
            "Do_Phu": 0.6997,
            "Do_Chinh_Xac": 0.8875,
            "F1": 0.7825,
            "Do_Chinh_Xac_(detect_nham_class)": 0.8888,
            "Ti_Le_Nham_Nhan": 0.0014,
            "So_Label_Thieu_Trung_Binh": 1.98
        }
    }
}